timestamp,CH1_mean,CH1_std,CH1_var,CH1_skew,CH1_kurtosis,CH1_ptp,CH1_zcr,CH1_hjorth_activity,CH1_hjorth_mobility,CH1_hjorth_complexity,CH1_delta_power,CH1_theta_power,CH1_alpha_power,CH1_beta_power,CH1_gamma_power,CH1_delta_rel,CH1_theta_rel,CH1_alpha_rel,CH1_beta_rel,CH1_gamma_rel,CH1_total_power,CH1_spectral_entropy,CH2_mean,CH2_std,CH2_var,CH2_skew,CH2_kurtosis,CH2_ptp,CH2_zcr,CH2_hjorth_activity,CH2_hjorth_mobility,CH2_hjorth_complexity,CH2_delta_power,CH2_theta_power,CH2_alpha_power,CH2_beta_power,CH2_gamma_power,CH2_delta_rel,CH2_theta_rel,CH2_alpha_rel,CH2_beta_rel,CH2_gamma_rel,CH2_total_power,CH2_spectral_entropy,CH3_mean,CH3_std,CH3_var,CH3_skew,CH3_kurtosis,CH3_ptp,CH3_zcr,CH3_hjorth_activity,CH3_hjorth_mobility,CH3_hjorth_complexity,CH3_delta_power,CH3_theta_power,CH3_alpha_power,CH3_beta_power,CH3_gamma_power,CH3_delta_rel,CH3_theta_rel,CH3_alpha_rel,CH3_beta_rel,CH3_gamma_rel,CH3_total_power,CH3_spectral_entropy,CH4_mean,CH4_std,CH4_var,CH4_skew,CH4_kurtosis,CH4_ptp,CH4_zcr,CH4_hjorth_activity,CH4_hjorth_mobility,CH4_hjorth_complexity,CH4_delta_power,CH4_theta_power,CH4_alpha_power,CH4_beta_power,CH4_gamma_power,CH4_delta_rel,CH4_theta_rel,CH4_alpha_rel,CH4_beta_rel,CH4_gamma_rel,CH4_total_power,CH4_spectral_entropy
2451429.353326,0.184402,1.058260,1.119914,-0.205658,-1.303316,3.865177,0.050781,1.119914,0.332436,4.022648,0.359940,0.195145,0.131553,0.118437,0.016793,0.437953,0.237440,0.160066,0.144107,0.020433,0.821869,4.102108,0.170289,1.059245,1.122000,-0.204716,-1.300842,3.886226,0.062500,1.122000,0.332995,4.018469,0.361405,0.191786,0.129709,0.117916,0.016623,0.442118,0.234619,0.158677,0.144250,0.020336,0.817439,4.095192,-0.109216,1.136716,1.292123,0.358029,-1.181436,3.780561,0.066406,1.292123,0.257678,3.901469,0.539030,0.177849,0.255269,0.127669,0.017379,0.482484,0.159192,0.228490,0.114277,0.015556,1.117196,3.786551,0.406132,0.977263,0.955044,-0.245508,-0.787612,4.277158,0.085938,0.955044,0.485836,2.926399,0.236864,0.217215,0.079133,0.236351,0.026379,0.297589,0.272903,0.099420,0.296945,0.033142,0.795942,4.649582
2451430.614324,-0.037480,0.958843,0.919379,-0.104776,-0.969718,3.970205,0.062500,0.919379,0.235920,3.092586,0.104694,0.689153,0.173885,0.043048,0.006095,0.102957,0.677717,0.170999,0.042334,0.005993,1.016875,3.254336,-0.049239,0.963861,0.929027,-0.110013,-0.975455,3.990900,0.062500,0.929027,0.234622,3.080122,0.106325,0.701710,0.177097,0.043401,0.006089,0.102767,0.678229,0.171171,0.041948,0.005885,1.034621,3.250587,0.101490,0.887832,0.788245,0.257423,-1.065100,3.343383,0.062500,0.788245,0.209935,2.908863,0.128579,0.568049,0.173362,0.068555,0.002697,0.136605,0.603511,0.184185,0.072835,0.002865,0.941241,3.523136,-0.093744,0.953977,0.910072,0.392926,-0.696788,4.086147,0.058594,0.910072,0.229140,3.386783,0.237732,0.714543,0.157678,0.062761,0.023137,0.198797,0.597518,0.131854,0.052482,0.019348,1.195852,3.373686
2451431.877872,0.112637,1.041797,1.085342,0.029154,-1.137532,3.940360,0.070312,1.085342,0.259313,2.903289,0.124791,0.467968,0.174571,0.151276,0.006544,0.134887,0.505829,0.188695,0.163515,0.007074,0.925151,3.735929,0.105455,1.047463,1.097178,0.027092,-1.137807,3.982047,0.070312,1.097178,0.258525,2.896925,0.124896,0.470795,0.179966,0.152742,0.006504,0.133593,0.503576,0.192497,0.163377,0.006957,0.934903,3.734616,-0.146434,1.086135,1.179690,0.110081,-1.326678,3.791139,0.058594,1.179690,0.226792,2.902245,0.056946,0.792597,0.228227,0.079707,0.012286,0.048681,0.677570,0.195105,0.068140,0.010503,1.169763,3.138368,-0.144041,1.011162,1.022448,0.043172,-1.232929,3.894336,0.058594,1.022448,0.246664,3.690670,0.672578,0.120023,0.084808,0.103692,0.009671,0.678842,0.121141,0.085598,0.104657,0.009761,0.990772,3.255946
2451433.125169,-0.112951,1.001646,1.003294,0.186504,-1.187720,3.979373,0.058594,1.003294,0.205245,2.755370,0.070305,0.284611,0.376407,0.046241,0.003196,0.090047,0.364530,0.482104,0.059225,0.004093,0.780759,3.039877,-0.125192,1.006065,1.012167,0.195421,-1.194509,3.941778,0.058594,1.012167,0.205435,2.753284,0.071592,0.286641,0.378883,0.047302,0.003221,0.090895,0.363925,0.481036,0.060055,0.004089,0.787638,3.036807,0.087296,1.061422,1.126617,-0.090700,-1.294245,3.859092,0.062500,1.126617,0.221536,2.617653,0.061344,0.382394,0.587682,0.076234,0.006654,0.055051,0.343168,0.527396,0.068414,0.005971,1.114308,2.887420,-0.184264,0.983392,0.967060,0.142669,-0.938799,4.061883,0.050781,0.967060,0.223902,2.781073,0.183920,0.419070,0.325110,0.081836,0.003667,0.181452,0.413445,0.320747,0.080738,0.003618,1.013604,3.652927
2451434.331253,-0.064100,0.958353,0.918440,0.194978,-1.061335,3.991990,0.062500,0.918440,0.226486,2.508734,0.078512,0.195830,0.470252,0.055021,0.004573,0.097628,0.243512,0.584753,0.068419,0.005687,0.804188,3.475838,-0.073878,0.962934,0.927241,0.191010,-1.077281,3.982917,0.062500,0.927241,0.226129,2.499066,0.077386,0.192007,0.478911,0.054843,0.004393,0.095830,0.237768,0.593049,0.067914,0.005440,0.807540,3.463546,0.098076,0.993196,0.986438,-0.124869,-1.029839,3.789448,0.058594,0.986438,0.205190,2.821193,0.149497,0.348191,0.420219,0.041206,0.006429,0.154833,0.360617,0.435215,0.042677,0.006658,0.965542,3.440985,0.017179,0.925601,0.856736,0.207256,-0.848971,3.955549,0.070312,0.856736,0.234606,2.565470,0.072683,0.292544,0.303400,0.076492,0.004040,0.097019,0.390497,0.404987,0.102104,0.005393,0.749159,3.691162
2451435.487181,-0.107799,0.944778,0.892605,-0.013032,-0.985408,3.674157,0.054688,0.892605,0.221605,2.854188,0.161634,0.246463,0.345398,0.085302,0.005115,0.191529,0.292048,0.409282,0.101079,0.006061,0.843912,3.832573,-0.144911,0.968691,0.938362,-0.004547,-0.985731,3.858730,0.054688,0.938362,0.220923,2.791844,0.183566,0.270883,0.370169,0.092338,0.004224,0.199273,0.294061,0.401842,0.100239,0.004585,0.921181,3.826545,-0.057758,0.890060,0.792207,0.095083,-0.836855,3.777588,0.058594,0.792207,0.228064,2.700545,0.080784,0.173482,0.220742,0.069714,0.002911,0.147515,0.316785,0.403084,0.127301,0.005315,0.547633,3.506912,0.075602,0.901912,0.813445,0.196221,-0.768527,4.198330,0.050781,0.813445,0.213974,2.942308,0.356093,0.120112,0.223687,0.144122,0.002924,0.420448,0.141819,0.264112,0.170168,0.003453,0.846937,4.069078
2451436.592878,-0.046047,0.986050,0.972294,-0.014646,-1.083690,3.797917,0.062500,0.972294,0.232457,3.050671,0.271244,0.404910,0.289970,0.033963,0.003851,0.270180,0.403321,0.288833,0.033830,0.003836,1.003938,3.486564,0.052948,0.954026,0.910165,-0.151963,-1.009943,3.645325,0.062500,0.910165,0.218791,3.276458,0.265002,0.413104,0.294021,0.033437,0.003882,0.262522,0.409238,0.291270,0.033124,0.003845,1.009446,3.412655,0.041174,0.951788,0.905900,0.048890,-1.041231,3.777459,0.062500,0.905900,0.252911,2.392699,0.116412,0.335267,0.472075,0.186122,0.006800,0.104248,0.300237,0.422750,0.166675,0.006090,1.116676,3.825939,-0.014867,1.047972,1.098244,0.334851,-0.866168,4.109746,0.050781,1.098244,0.197876,3.484154,0.677957,0.480555,0.184519,0.060093,0.004219,0.481728,0.341463,0.131111,0.042700,0.002998,1.407343,3.392878
2451437.733322,-0.009085,1.041357,1.084425,0.098006,-1.097553,4.047116,0.058594,1.084425,0.227867,2.613330,0.061035,0.677522,0.439499,0.061846,0.003190,0.049099,0.545030,0.353553,0.049751,0.002566,1.243090,3.291772,-0.018393,1.044611,1.091213,0.094000,-1.103277,4.005598,0.058594,1.091213,0.227781,2.610908,0.061368,0.681885,0.445574,0.061106,0.003134,0.048974,0.544173,0.355587,0.048765,0.002501,1.253068,3.292336,-0.011503,0.904829,0.818715,0.115622,-1.097306,3.740007,0.066406,0.818715,0.246196,2.806744,0.035828,0.476197,0.140646,0.063851,0.003423,0.049765,0.661435,0.195357,0.088689,0.004755,0.719945,3.315089,0.006382,1.058734,1.120918,-0.080005,-0.966144,4.233755,0.082031,1.120918,0.330965,3.526165,0.085931,0.476880,0.247029,0.063883,0.003795,0.097925,0.543442,0.281509,0.072799,0.004325,0.877518,3.542878
2451438.937654,0.075760,1.053918,1.110744,0.058227,-1.346834,3.524315,0.050781,1.110744,0.211300,3.556492,0.091727,0.680376,0.166661,0.071979,0.010372,0.089830,0.666307,0.163215,0.070490,0.010157,1.021114,3.341611,0.062338,1.061924,1.127682,0.055362,-1.348276,3.559582,0.050781,1.127682,0.209513,3.563995,0.094010,0.683988,0.167139,0.072098,0.010266,0.091494,0.665681,0.162666,0.070168,0.009991,1.027501,3.344331,-0.067931,1.025860,1.052389,0.227750,-1.172135,3.716858,0.062500,1.052389,0.208361,2.621980,0.058602,0.884398,0.179278,0.023838,0.003156,0.050991,0.769529,0.155993,0.020742,0.002746,1.149272,2.686980,-0.014329,1.021721,1.043914,0.108793,-1.048937,4.049332,0.062500,1.043914,0.219504,2.827779,0.168392,0.611922,0.187237,0.036270,0.003874,0.167107,0.607250,0.185807,0.035993,0.003844,1.007695,3.226864
2451440.192872,0.004664,0.897279,0.805110,-0.030932,-0.606836,3.754250,0.054688,0.805110,0.239942,3.131819,0.119838,0.760079,0.085778,0.048323,0.006337,0.117447,0.744916,0.084067,0.047359,0.006210,1.020355,2.943229,0.020585,0.865409,0.748933,0.179183,-0.860142,3.714865,0.054688,0.748933,0.249693,3.078802,0.088263,0.641663,0.053337,0.064007,0.006355,0.103398,0.751692,0.062483,0.074982,0.007445,0.853625,2.858462,0.064806,0.989384,0.978881,0.061821,-1.190688,3.549488,0.058594,0.978881,0.231088,3.202618,0.042879,0.934996,0.106610,0.039733,0.004241,0.037998,0.828560,0.094474,0.035210,0.003758,1.128460,2.487410,-0.054051,0.985079,0.970381,0.278657,-0.939687,3.843822,0.050781,0.970381,0.227942,3.168594,0.021295,1.117314,0.119834,0.084040,0.006224,0.015789,0.828433,0.088851,0.062312,0.004615,1.348708,2.511719
2451441.458001,-0.159765,1.095043,1.199120,0.481188,-1.217754,3.634793,0.050781,1.199120,0.228959,4.269222,0.194033,0.210933,0.104785,0.082062,0.013530,0.320534,0.348452,0.173101,0.135562,0.022351,0.605344,3.867753,-0.109981,1.038971,1.079462,0.496058,-1.159282,3.431033,0.050781,1.079462,0.238451,4.122749,0.186857,0.144126,0.086434,0.079465,0.013390,0.366191,0.282449,0.169388,0.155730,0.026241,0.510271,4.032696,0.063116,0.875445,0.766405,-0.071492,-0.466802,3.974452,0.070312,0.766405,0.401346,2.367753,0.130311,0.273078,0.172222,0.112458,0.066802,0.172627,0.361755,0.228147,0.148977,0.088494,0.754871,4.310092,0.181470,0.803042,0.644876,-0.181859,-0.768002,3.931556,0.046875,0.644876,0.268924,2.859322,0.142475,0.247732,0.125399,0.093278,0.013760,0.228823,0.397872,0.201397,0.149810,0.022099,0.622644,3.769425
2451442.681397,0.352947,1.043965,1.089863,-0.242922,-1.235218,3.555166,0.054688,1.089863,0.244267,3.149159,0.346593,0.210508,0.316993,0.090211,0.005139,0.357517,0.217143,0.326985,0.093054,0.005301,0.969444,3.931752,0.344441,1.054292,1.111532,-0.241167,-1.234868,3.559944,0.054688,1.111532,0.243495,3.145594,0.344438,0.214121,0.326780,0.091817,0.005083,0.350666,0.217993,0.332689,0.093478,0.005175,0.982239,3.939445,-0.074850,0.849601,0.721823,0.104279,-1.016480,3.917168,0.050781,0.721823,0.234074,2.826471,0.301120,0.105783,0.145349,0.037454,0.005296,0.506081,0.177786,0.244283,0.062948,0.008902,0.595004,3.555817,-0.241794,0.958310,0.918358,0.260277,-0.900454,4.013577,0.050781,0.918358,0.239440,2.791171,0.205547,0.328954,0.278241,0.051939,0.012885,0.234224,0.374848,0.317060,0.059186,0.014682,0.877567,3.878574
2451443.889582,0.020249,0.974078,0.948829,0.211103,-1.167967,3.680904,0.050781,0.948829,0.192986,2.967569,0.278728,0.452004,0.216314,0.048838,0.003289,0.278959,0.452378,0.216494,0.048878,0.003291,0.999172,3.644697,0.000806,0.990483,0.981057,0.209323,-1.159357,3.774642,0.050781,0.981057,0.193112,2.969448,0.288998,0.463238,0.223892,0.051226,0.003414,0.280371,0.449411,0.217209,0.049697,0.003312,1.030768,3.653181,-0.109054,1.013145,1.026462,0.183104,-1.256155,4.104578,0.058594,1.026462,0.278226,2.833227,0.034739,0.519143,0.179041,0.089365,0.014880,0.041496,0.620118,0.213865,0.106747,0.017774,0.837167,3.425984,0.036647,0.924624,0.854929,0.084091,-0.713632,4.039919,0.062500,0.854929,0.301769,2.644346,0.069364,0.667454,0.116833,0.150407,0.022335,0.067581,0.650291,0.113829,0.146539,0.021761,1.026394,3.678160
2451445.136464,0.028394,0.942262,0.887858,0.148436,-1.091469,3.694828,0.066406,0.887858,0.241567,2.535722,0.068976,0.225755,0.529086,0.064450,0.006542,0.077085,0.252294,0.591283,0.072027,0.007311,0.894809,3.363848,0.011694,0.958419,0.918567,0.155412,-1.093557,3.744469,0.066406,0.918567,0.241842,2.529029,0.071122,0.237107,0.550677,0.067169,0.006823,0.076238,0.254162,0.590287,0.072000,0.007313,0.932896,3.359857,0.124190,1.001915,1.003834,-0.112054,-0.922633,4.168803,0.070312,1.003834,0.280140,2.414616,0.255972,0.125193,0.285546,0.263798,0.005912,0.273351,0.133693,0.304934,0.281709,0.006313,0.936421,3.649498,0.072297,0.965263,0.931732,0.017696,-0.898437,3.892617,0.062500,0.931732,0.235006,2.716371,0.153960,0.394529,0.503184,0.110968,0.004080,0.131959,0.338152,0.431280,0.095111,0.003497,1.166721,3.589286
2451446.387259,-0.183035,0.898514,0.807328,0.241888,-0.867284,3.748777,0.066406,0.807328,0.239213,2.698237,0.119979,0.150577,0.207947,0.019454,0.001923,0.240016,0.301226,0.415994,0.038916,0.003847,0.499879,3.443050,-0.199924,0.908405,0.825199,0.242527,-0.870217,3.795294,0.058594,0.825199,0.238982,2.701694,0.125323,0.155512,0.208857,0.020720,0.001971,0.244589,0.303507,0.407618,0.040439,0.003847,0.512383,3.450125,0.195142,0.958209,0.918164,-0.145088,-0.747005,4.103948,0.066406,0.918164,0.226535,2.760487,0.128403,0.074659,0.292351,0.139066,0.006640,0.200280,0.116451,0.456001,0.216912,0.010357,0.641119,3.928930,0.227787,0.918038,0.842794,-0.346489,-0.376582,4.155810,0.074219,0.842794,0.253484,2.904365,0.124507,0.138704,0.280943,0.063461,0.005335,0.203127,0.226289,0.458346,0.103534,0.008703,0.612949,3.721763
2451447.643519,0.040722,0.975113,0.950845,0.163354,-1.096042,3.755202,0.058594,0.950845,0.217524,3.241076,0.120005,0.602419,0.281249,0.019406,0.003250,0.116926,0.586965,0.274035,0.018908,0.003166,1.026329,3.118463,0.076690,0.939110,0.881927,0.244073,-1.044750,3.813101,0.058594,0.881927,0.226010,3.120808,0.124087,0.625946,0.290820,0.020098,0.003370,0.116588,0.588118,0.273245,0.018883,0.003166,1.064320,3.089031,-0.019624,1.108485,1.228740,0.145678,-1.183322,4.033143,0.062500,1.228740,0.250771,3.128343,0.125967,0.852287,0.442538,0.115874,0.024325,0.080697,0.545991,0.283498,0.074231,0.015583,1.560990,3.405285,0.084380,0.983804,0.967871,-0.078583,-1.189929,3.849715,0.062500,0.967871,0.243662,3.118311,0.102476,0.501338,0.161233,0.080149,0.014480,0.119203,0.583171,0.187551,0.093232,0.016844,0.859676,3.809828
2451448.887789,0.033513,0.935062,0.874340,0.073829,-1.000832,3.638605,0.085938,0.874340,0.340831,4.051651,0.060754,0.500052,0.197270,0.035039,0.011089,0.075546,0.621797,0.245298,0.043569,0.013789,0.804205,3.694230,-0.013391,0.907339,0.823264,0.018416,-0.939607,3.652787,0.085938,0.823264,0.351930,3.983115,0.038065,0.517022,0.142147,0.041994,0.011694,0.050691,0.688516,0.189296,0.055923,0.015573,0.750923,3.579824,0.151592,1.066312,1.137021,-0.107909,-1.261996,4.122969,0.058594,1.137021,0.216758,2.801155,0.065384,0.719134,0.222989,0.087364,0.007796,0.059296,0.652177,0.202227,0.079229,0.007070,1.102667,3.136558,0.242393,1.021409,1.043276,-0.147901,-1.031918,4.200931,0.058594,1.043276,0.246865,2.763691,0.198336,0.604620,0.216078,0.181711,0.005580,0.164413,0.501208,0.179121,0.150632,0.004626,1.206325,3.600986
2451450.088960,-0.000869,0.876237,0.767791,0.106250,-0.900465,3.692529,0.058594,0.767791,0.209485,2.934847,0.101233,0.657495,0.251696,0.048701,0.003090,0.095304,0.618985,0.236954,0.045849,0.002909,1.062215,3.191384,0.064742,0.912044,0.831825,0.015111,-0.946850,3.817041,0.058594,0.831825,0.216918,2.724014,0.085550,0.670426,0.279883,0.047293,0.003152,0.078753,0.617163,0.257647,0.043535,0.002902,1.086304,3.084817,-0.157396,1.090331,1.188821,0.322605,-0.853675,4.007160,0.066406,1.188821,0.230530,2.748812,0.098173,0.852353,0.287019,0.042375,0.004772,0.076418,0.663469,0.223415,0.032984,0.003714,1.284692,3.036805,-0.281801,1.143622,1.307871,0.023736,-1.099134,4.263394,0.074219,1.307871,0.263733,2.801172,0.249468,0.652352,0.357011,0.116382,0.009785,0.180121,0.471012,0.257770,0.084031,0.007065,1.384998,3.779539
2451451.290166,-0.093356,0.956113,0.914151,-0.027720,-1.169610,3.748295,0.046875,0.914151,0.206352,2.782985,0.157789,0.400115,0.350056,0.053674,0.002356,0.163683,0.415061,0.363132,0.055679,0.002445,0.963990,3.295182,-0.114166,0.970017,0.940934,-0.016155,-1.186046,3.812821,0.046875,0.940934,0.206704,2.790843,0.155526,0.412435,0.360697,0.054127,0.002406,0.157864,0.418635,0.366119,0.054941,0.002442,0.985190,3.284431,0.190889,0.808450,0.653591,0.061137,-0.538372,3.841955,0.082031,0.653591,0.319522,2.554824,0.108998,0.152573,0.075247,0.146318,0.028474,0.213049,0.298221,0.147079,0.285996,0.055655,0.511609,4.549169,0.127609,1.063013,1.129997,-0.083695,-0.901961,4.147489,0.050781,1.129997,0.224576,2.993642,0.205756,0.350244,0.267190,0.093591,0.005569,0.223078,0.379731,0.289684,0.101470,0.006037,0.922349,3.907510
2451452.460336,-0.038800,1.165397,1.358151,0.300624,-1.329665,3.733693,0.050781,1.358151,0.223617,3.983699,0.471329,0.435116,0.208467,0.096942,0.022119,0.381961,0.352614,0.168940,0.078561,0.017925,1.233972,3.703606,-0.060912,1.185111,1.404489,0.292002,-1.344786,3.790039,0.050781,1.404489,0.221509,4.000989,0.477780,0.450172,0.211002,0.099976,0.022071,0.378889,0.356996,0.167329,0.079283,0.017503,1.261001,3.702229,-0.364004,1.029162,1.059174,0.451619,-0.834564,4.073409,0.066406,1.059174,0.258860,2.971498,0.496068,0.223576,0.230614,0.136671,0.005779,0.453980,0.204608,0.211048,0.125076,0.005289,1.092708,3.679530,-0.448986,0.917267,0.841379,0.189449,-0.624142,3.966977,0.070312,0.841379,0.366717,2.795071,0.274437,0.144592,0.070066,0.246615,0.036999,0.355162,0.187123,0.090676,0.319156,0.047882,0.772710,4.486104
2451453.634550,0.123399,1.097315,1.204101,0.063350,-1.295557,3.890230,0.062500,1.204101,0.202082,3.717301,0.284746,0.514784,0.093482,0.124003,0.012219,0.276658,0.500162,0.090827,0.120481,0.011872,1.029234,3.676056,0.021349,1.076062,1.157910,0.203414,-1.170427,3.870779,0.062500,1.157910,0.203786,3.823491,0.314213,0.492939,0.090307,0.125174,0.012925,0.303424,0.476013,0.087207,0.120876,0.012481,1.035558,3.739098,0.103245,0.916690,0.840321,-0.241482,-0.899640,3.621276,0.050781,0.840321,0.239926,3.654248,0.333049,0.578355,0.110547,0.104088,0.018332,0.291032,0.505391,0.096601,0.090957,0.016020,1.144371,3.769138,0.117023,1.100308,1.210677,-0.421748,-0.831390,3.876396,0.050781,1.210677,0.217499,3.672268,0.140501,0.248673,0.157553,0.126450,0.014738,0.204242,0.361488,0.229030,0.183816,0.021425,0.687915,4.036241
2451454.837925,0.189684,0.933418,0.871269,-0.348237,-0.910255,3.933187,0.062500,0.871269,0.261672,2.497568,0.074922,0.357013,0.470427,0.207972,0.007570,0.067020,0.319359,0.420811,0.186038,0.006772,1.117903,3.888447,0.200537,0.937227,0.878394,-0.359539,-0.912635,3.964618,0.062500,0.878394,0.260743,2.497908,0.076810,0.356769,0.475398,0.207873,0.007500,0.068315,0.317312,0.422820,0.184883,0.006671,1.124350,3.881460,-0.122866,0.936975,0.877922,0.248948,-1.117720,3.830709,0.058594,0.877922,0.226922,2.812016,0.066205,0.287066,0.301977,0.088387,0.009470,0.087909,0.381177,0.400975,0.117363,0.012575,0.753105,3.701100,-0.226950,1.004349,1.008716,0.358902,-0.490539,3.998199,0.054688,1.008716,0.221901,2.839060,0.282261,0.316549,0.330984,0.104115,0.012272,0.269802,0.302576,0.316373,0.099519,0.011731,1.046182,3.697274
2451456.035125,-0.351359,0.929094,0.863216,0.382841,-0.738648,3.982677,0.062500,0.863216,0.218566,2.770435,0.109638,0.103420,0.316032,0.073754,0.003268,0.180887,0.170628,0.521409,0.121684,0.005392,0.606112,3.655750,-0.342081,0.932890,0.870283,0.379254,-0.744625,4.001198,0.062500,0.870283,0.219010,2.761233,0.106782,0.105761,0.325498,0.074311,0.003296,0.173446,0.171787,0.528708,0.120704,0.005354,0.615649,3.645730,-0.130766,0.922327,0.850688,0.005017,-0.933022,3.791493,0.070312,0.850688,0.274528,2.865428,0.085866,0.172974,0.241032,0.087577,0.041164,0.136596,0.275168,0.383434,0.139318,0.065484,0.628614,4.275201,-0.060217,0.916789,0.840503,0.560699,-0.620696,3.958255,0.046875,0.840503,0.214485,2.989865,0.089066,0.329200,0.368968,0.078040,0.008296,0.101957,0.376845,0.422368,0.089334,0.009497,0.873570,3.715030
2451457.226294,-0.054425,0.984284,0.968816,0.105285,-1.161222,3.815499,0.066406,0.968816,0.223874,2.722018,0.401440,0.037625,0.263947,0.052016,0.003310,0.529368,0.049615,0.348060,0.068592,0.004365,0.758338,3.296368,0.003568,1.023744,1.048051,0.079615,-1.252278,3.971951,0.066406,1.048051,0.222909,2.706726,0.410050,0.059312,0.280174,0.057891,0.003661,0.505555,0.073127,0.345430,0.071375,0.004513,0.811088,3.451104,-0.119402,1.024665,1.049939,0.140359,-1.222823,3.820172,0.054688,1.049939,0.220171,2.999822,0.409333,0.231077,0.448386,0.087638,0.008658,0.345402,0.194986,0.378355,0.073951,0.007306,1.185093,3.571141,-0.315428,1.033616,1.068363,0.310908,-1.055794,3.807206,0.042969,1.068363,0.218314,3.289206,0.420072,0.096804,0.421048,0.118899,0.015759,0.391645,0.090254,0.392556,0.110853,0.014693,1.072583,3.786359
2451458.395966,0.047603,1.160698,1.347221,-0.020176,-1.452807,3.983010,0.058594,1.347221,0.244624,3.203271,0.522178,0.334895,0.292834,0.103796,0.008942,0.413559,0.265232,0.231921,0.082206,0.007082,1.262646,3.688148,0.053338,1.161029,1.347989,-0.019687,-1.446888,4.010828,0.058594,1.347989,0.244783,3.201884,0.509365,0.337017,0.294431,0.106498,0.009047,0.405430,0.268249,0.234353,0.084767,0.007201,1.256358,3.709371,-0.112039,0.964736,0.930715,0.039156,-0.737740,3.947796,0.058594,0.930715,0.245420,2.707724,0.560698,0.083368,0.470460,0.070911,0.004975,0.471012,0.070033,0.395207,0.059568,0.004179,1.190412,3.362979,0.133546,0.969622,0.940168,-0.192787,-0.839429,4.116641,0.066406,0.940168,0.247157,2.641536,0.173005,0.119208,0.220770,0.225730,0.003854,0.232982,0.160535,0.297306,0.303986,0.005190,0.742567,4.039798
2451459.596678,0.086414,0.926685,0.858745,-0.450508,-0.958679,3.655362,0.058594,0.858745,0.202962,3.349511,0.260118,0.418826,0.225977,0.040779,0.005962,0.273330,0.440100,0.237455,0.042850,0.006265,0.951661,3.372817,0.098911,0.932496,0.869550,-0.447361,-0.951284,3.725777,0.058594,0.869550,0.202611,3.332714,0.268253,0.424321,0.230690,0.041826,0.005842,0.276284,0.437024,0.237596,0.043078,0.006017,0.970932,3.375785,-0.264816,0.985893,0.971986,0.441992,-0.872355,3.816665,0.062500,0.971986,0.224809,2.665204,0.058851,0.360323,0.381679,0.068135,0.004220,0.067396,0.412643,0.437099,0.078029,0.004832,0.873208,3.245130,-0.276804,0.916507,0.839986,0.367321,-0.633267,4.014926,0.066406,0.839986,0.233188,2.700329,0.224644,0.245780,0.445774,0.103535,0.007902,0.218603,0.239171,0.433786,0.100751,0.007689,1.027635,3.783671
2451460.863727,-0.191856,0.993405,0.986854,0.221815,-0.958606,3.917317,0.066406,0.986854,0.237287,2.654002,0.130220,0.416572,0.316547,0.106842,0.005687,0.133441,0.426873,0.324375,0.109484,0.005827,0.975867,3.636694,-0.238441,0.953912,0.909948,0.245127,-0.866059,3.716258,0.066406,0.909948,0.237911,2.696071,0.116200,0.387602,0.219265,0.079409,0.003701,0.144137,0.480790,0.271981,0.098501,0.004591,0.806177,3.396707,0.038742,1.009675,1.019444,0.084060,-1.153356,3.765050,0.058594,1.019444,0.203995,2.996524,0.499829,0.321408,0.288301,0.055686,0.003057,0.427833,0.275112,0.246774,0.047665,0.002617,1.168281,3.636933,0.087104,1.135319,1.288950,0.057147,-1.381372,4.111135,0.042969,1.288950,0.180558,3.154187,0.424221,0.570596,0.161563,0.054116,0.003292,0.349502,0.470095,0.133106,0.044584,0.002712,1.213788,3.481640
2451462.176279,0.096860,0.974544,0.949736,-0.141285,-1.178634,3.499334,0.054688,0.949736,0.270613,3.999818,0.170943,0.199090,0.532344,0.095724,0.006430,0.170172,0.198192,0.529943,0.095292,0.006401,1.004531,3.717031,0.116171,0.974843,0.950319,-0.136101,-1.174051,3.573640,0.054688,0.950319,0.271558,3.983002,0.166377,0.198881,0.540021,0.098929,0.006506,0.164613,0.196773,0.534296,0.097880,0.006437,1.010715,3.716978,-0.095266,1.118224,1.250424,0.196559,-1.349238,3.915054,0.050781,1.250424,0.182471,3.305774,0.386107,0.287921,0.315237,0.084117,0.004588,0.358179,0.267096,0.292435,0.078033,0.004256,1.077970,3.728657,0.079411,0.865303,0.748749,-0.039396,-0.788627,3.891845,0.054688,0.748749,0.206081,2.866042,0.109832,0.405502,0.368391,0.059358,0.003017,0.116089,0.428604,0.389379,0.062740,0.003188,0.946099,3.505937
2451463.511040,-0.152313,1.041116,1.083923,0.006960,-1.205231,3.853507,0.054688,1.083923,0.203204,3.266312,0.133024,0.143842,0.422297,0.075050,0.005509,0.170604,0.184478,0.541599,0.096252,0.007066,0.779722,3.723751,-0.140928,1.043337,1.088553,0.018422,-1.193518,3.871788,0.054688,1.088553,0.204998,3.248797,0.131163,0.148816,0.424664,0.077811,0.005757,0.166406,0.188803,0.538769,0.098718,0.007303,0.788210,3.734776,0.538920,0.859033,0.737938,-0.728556,-0.524424,3.693330,0.054688,0.737938,0.279950,2.833266,0.116151,0.092884,0.269089,0.138364,0.018124,0.183027,0.146363,0.424021,0.218029,0.028559,0.634611,4.178423,0.523742,0.752522,0.566290,-0.495402,0.288659,3.844567,0.054688,0.566290,0.273438,2.779402,0.056817,0.099728,0.060807,0.115415,0.012189,0.164707,0.289104,0.176275,0.334579,0.035335,0.344955,4.467721
2451464.833085,0.205995,0.750356,0.563034,-0.128850,-0.614071,3.692870,0.058594,0.563034,0.278464,3.509133,0.411345,0.103599,0.139732,0.088175,0.017090,0.541285,0.136324,0.183872,0.116029,0.022489,0.759941,3.539021,0.227575,0.750176,0.562764,-0.137769,-0.560864,3.807861,0.058594,0.562764,0.280042,3.467239,0.407428,0.102356,0.141069,0.091670,0.017887,0.535800,0.134606,0.185518,0.120553,0.023523,0.760410,3.567948,0.164248,0.999468,0.998935,-0.097168,-1.008540,3.807185,0.062500,0.998935,0.310744,3.282843,0.361176,0.117908,0.091414,0.068587,0.023444,0.545147,0.177966,0.137978,0.103523,0.035386,0.662530,3.572485,-0.061427,0.963817,0.928943,0.192694,-0.689337,4.000082,0.046875,0.928943,0.242688,3.671700,0.454867,0.267439,0.149018,0.112531,0.014630,0.455557,0.267845,0.149244,0.112702,0.014652,0.998486,3.609804
2451466.103247,0.042602,0.915741,0.838581,0.277053,-1.337211,3.439401,0.046875,0.838581,0.209966,2.971547,0.139732,0.388850,0.276880,0.070284,0.006378,0.158404,0.440811,0.313879,0.079676,0.007231,0.882124,3.358742,0.008291,0.924765,0.855190,0.274745,-1.330589,3.543422,0.046875,0.855190,0.211107,2.966160,0.140487,0.396776,0.284141,0.072733,0.006574,0.155974,0.440514,0.315464,0.080750,0.007299,0.900711,3.361394,-0.023141,1.003015,1.006040,0.133363,-1.033482,4.009514,0.062500,1.006040,0.245712,3.035127,0.334860,0.339972,0.156049,0.083167,0.007052,0.363544,0.369093,0.169416,0.090291,0.007656,0.921100,3.493112,0.322462,0.885283,0.783727,-0.361429,-0.899048,3.925569,0.050781,0.783727,0.257389,2.935957,0.243982,0.286945,0.143274,0.068459,0.006976,0.325468,0.382779,0.191124,0.091324,0.009305,0.749636,3.661520
2451467.324634,0.050600,0.886264,0.785464,-0.167794,-0.692697,3.789054,0.082031,0.785464,0.260707,2.439111,0.031564,0.164554,0.359407,0.059270,0.005677,0.050871,0.265208,0.579248,0.095523,0.009150,0.620472,3.606285,0.026640,0.897207,0.804981,-0.178574,-0.696153,3.788004,0.082031,0.804981,0.261265,2.435220,0.030602,0.173112,0.370053,0.060860,0.005828,0.047782,0.270295,0.577797,0.095026,0.009100,0.640456,3.598465,-0.068290,1.088005,1.183756,0.235871,-1.258686,3.951954,0.062500,1.183756,0.251109,2.699380,0.081336,0.415490,0.271983,0.079993,0.006429,0.095105,0.485822,0.318023,0.093533,0.007517,0.855230,3.575884,-0.143600,0.974920,0.950469,0.061835,-0.888025,3.880719,0.070312,0.950469,0.247027,3.076389,0.184154,0.259196,0.361299,0.143432,0.009128,0.192387,0.270783,0.377451,0.149844,0.009536,0.957209,4.121265
2451468.504267,0.108009,0.957514,0.916832,0.073793,-0.992289,3.851529,0.074219,0.916832,0.349162,4.241000,0.071673,0.412367,0.153494,0.078594,0.003927,0.099538,0.572688,0.213170,0.109150,0.005454,0.720056,2.984890,0.080872,0.965336,0.931874,0.059446,-0.991951,3.941772,0.074219,0.931874,0.349861,4.237889,0.073485,0.422177,0.155598,0.080632,0.003970,0.099863,0.573717,0.211450,0.109575,0.005395,0.735863,2.986618,0.223483,1.017275,1.034849,-0.134821,-0.931524,4.104250,0.070312,1.034849,0.287293,4.259039,0.096280,0.783447,0.256025,0.044670,0.004673,0.081243,0.661084,0.216038,0.037693,0.003943,1.185094,2.738222,0.155784,0.893440,0.798235,-0.190286,-0.684065,3.817763,0.070312,0.798235,0.229901,2.814227,0.180487,0.505990,0.167256,0.069850,0.004411,0.194492,0.545251,0.180234,0.075269,0.004753,0.927993,3.220827
2451469.709002,-0.038373,1.190959,1.418383,-0.002959,-1.344662,3.940381,0.058594,1.418383,0.244579,2.946451,0.044899,1.354980,0.179661,0.046972,0.006204,0.027499,0.829894,0.110038,0.028769,0.003800,1.632715,2.398807,-0.068516,1.206052,1.454561,-0.004332,-1.349250,3.991068,0.058594,1.454561,0.243284,2.939603,0.044330,1.398508,0.185015,0.048604,0.006357,0.026343,0.831053,0.109944,0.028882,0.003778,1.682814,2.389208,0.049471,0.966067,0.933286,0.088502,-1.276869,3.629542,0.054688,0.933286,0.214441,2.709405,0.009212,0.837369,0.074296,0.036129,0.003435,0.009592,0.871859,0.077356,0.037617,0.003576,0.960440,2.216144,0.057866,1.025876,1.052422,-0.149144,-0.965023,4.277176,0.074219,1.052422,0.312774,2.965758,0.179721,0.380731,0.185449,0.153024,0.027723,0.193947,0.410869,0.200129,0.165137,0.029918,0.926648,4.007028
2451470.951778,-0.083077,0.940210,0.883995,-0.059334,-1.127515,3.821264,0.066406,0.883995,0.209365,2.782466,0.019589,0.746519,0.131982,0.045917,0.003757,0.020668,0.787663,0.139256,0.048448,0.003964,0.947764,2.186480,-0.041833,0.894697,0.800482,-0.080191,-0.984942,3.655043,0.058594,0.800482,0.212782,2.870516,0.049305,0.501444,0.107620,0.045688,0.004178,0.069617,0.708019,0.151955,0.064510,0.005899,0.708235,2.514181,-0.053881,0.891638,0.795019,-0.209456,-0.771934,3.689032,0.066406,0.795019,0.257396,2.953201,0.132481,0.674843,0.181385,0.069641,0.005161,0.124570,0.634543,0.170553,0.065482,0.004852,1.063511,3.032107,-0.325736,0.992432,0.984922,0.448733,-0.601431,4.250052,0.058594,0.984922,0.330579,3.329381,0.212299,0.371316,0.174113,0.150450,0.016854,0.229504,0.401409,0.188224,0.162643,0.018220,0.925032,3.916075
2451472.199486,-0.163077,1.048877,1.100143,0.258464,-0.942300,4.033417,0.050781,1.100143,0.190528,3.042965,0.313470,0.534934,0.310610,0.028671,0.003694,0.263115,0.449004,0.260715,0.024065,0.003101,1.191379,3.460594,-0.134627,1.063938,1.131964,0.049129,-1.127792,4.102713,0.058594,1.131964,0.197850,2.922464,0.314551,0.551313,0.318134,0.029263,0.003788,0.258454,0.452992,0.261398,0.024044,0.003112,1.217048,3.461500,-0.052150,1.089772,1.187604,-0.015857,-1.353790,4.100803,0.050781,1.187604,0.204855,2.850369,0.315818,0.726550,0.290806,0.034962,0.004581,0.230068,0.529279,0.211847,0.025469,0.003337,1.372717,3.416497,-0.100339,0.973302,0.947316,0.259144,-0.979024,4.092748,0.066406,0.947316,0.319670,2.661210,0.119349,0.545373,0.207209,0.092203,0.021266,0.121117,0.553453,0.210279,0.093569,0.021581,0.985400,3.938047
2451473.416218,0.013480,0.897384,0.805298,-0.147817,-0.785761,3.949685,0.070312,0.805298,0.278111,2.971916,0.305621,0.223616,0.318152,0.097372,0.020032,0.316773,0.231776,0.329762,0.100926,0.020763,0.964793,4.046000,-0.054087,0.895002,0.801029,-0.048506,-0.757745,4.010258,0.070312,0.801029,0.291182,2.837820,0.309111,0.237837,0.332969,0.104478,0.021106,0.307420,0.236536,0.331147,0.103906,0.020991,1.005501,4.115579,0.074064,1.077437,1.160870,-0.078228,-1.231562,3.948570,0.058594,1.160870,0.227856,3.219459,0.490269,0.288485,0.301160,0.082593,0.008683,0.418608,0.246318,0.257140,0.070521,0.007414,1.171190,3.688791,-0.020723,1.081249,1.169099,-0.001792,-1.123364,3.998431,0.066406,1.169099,0.321860,3.004987,0.216604,0.375857,0.262553,0.319092,0.010611,0.182832,0.317255,0.221616,0.269340,0.008956,1.184716,4.061030
2451474.577613,-0.224780,1.062490,1.128884,0.104471,-0.966113,3.959252,0.066406,1.128884,0.279583,2.527442,0.136792,0.308494,0.616854,0.110213,0.007072,0.115982,0.261563,0.523013,0.093446,0.005996,1.179425,3.854361,-0.256123,1.076923,1.159764,0.104471,-0.968427,4.017916,0.066406,1.159764,0.282466,2.526329,0.140139,0.315264,0.629147,0.113598,0.007539,0.116231,0.261481,0.521816,0.094219,0.006253,1.205688,3.861058,0.127459,0.875920,0.767235,-0.153175,-0.517158,3.920659,0.082031,0.767235,0.283375,2.357177,0.024499,0.107522,0.309600,0.098374,0.004633,0.044983,0.197423,0.568461,0.180626,0.008507,0.544629,3.984492,0.062738,0.944141,0.891402,-0.185018,-0.935627,4.037158,0.066406,0.891402,0.299831,3.496435,0.320728,0.086241,0.238080,0.156667,0.033227,0.384132,0.103289,0.285146,0.187638,0.039795,0.834943,4.500961
2451475.774641,0.245906,0.980564,0.961506,-0.131835,-0.877196,3.827788,0.078125,0.961506,0.336477,2.630711,0.125154,0.169866,0.306661,0.125786,0.014446,0.168691,0.228957,0.413338,0.169543,0.019471,0.741913,4.083943,0.218659,0.997444,0.994895,-0.145760,-0.873608,3.941116,0.078125,0.994895,0.335735,2.637325,0.130529,0.172639,0.315924,0.130185,0.014851,0.170821,0.225930,0.413444,0.170370,0.019435,0.764128,4.094221,-0.105408,0.988392,0.976918,-0.083505,-0.713020,3.949717,0.050781,0.976918,0.242634,3.129660,0.447490,0.068694,0.213989,0.069419,0.009073,0.553369,0.084948,0.264620,0.085844,0.011219,0.808665,3.441896,0.098787,0.970803,0.942459,-0.004030,-0.768112,4.161281,0.074219,0.942459,0.282989,2.933580,0.025285,0.117927,0.367992,0.108746,0.023652,0.039286,0.183230,0.571769,0.168965,0.036750,0.643602,4.071925
2451477.015430,0.048710,0.996217,0.992447,-0.187794,-0.892023,3.982982,0.058594,0.992447,0.325370,3.457058,0.476181,0.295058,0.085230,0.198324,0.016052,0.444677,0.275537,0.079592,0.185204,0.014990,1.070846,3.999099,0.220724,0.929737,0.864411,-0.399596,-0.548055,3.918250,0.058594,0.864411,0.333430,3.478593,0.140748,0.137409,0.185161,0.118554,0.007976,0.238618,0.232957,0.313913,0.200990,0.013523,0.589848,4.091361,-0.171608,0.908302,0.825013,0.184520,-0.749374,4.026267,0.050781,0.825013,0.260623,3.206002,0.198505,0.123603,0.164270,0.108982,0.021678,0.321707,0.200317,0.266223,0.176620,0.035133,0.617038,3.932587,-0.107238,1.087211,1.182027,0.235683,-0.947831,4.175599,0.066406,1.182027,0.267168,3.081149,0.072674,0.167372,0.214932,0.134413,0.011629,0.120918,0.278480,0.357612,0.223642,0.019348,0.601021,4.169698
2451478.308337,0.018760,1.007814,1.015690,-0.109473,-1.132226,3.920571,0.054688,1.015690,0.226674,3.012073,0.216704,0.130484,0.463076,0.067670,0.005069,0.245417,0.147773,0.524433,0.076637,0.005740,0.883003,3.585608,0.087600,0.960973,0.923470,-0.116152,-1.085221,3.849354,0.054688,0.923470,0.234193,2.954062,0.120125,0.175909,0.339979,0.080019,0.005015,0.166598,0.243963,0.471508,0.110976,0.006956,0.721047,3.785320,0.104421,0.769837,0.592649,-0.300362,-0.776204,3.422122,0.082031,0.592649,0.311582,2.579951,0.122456,0.045227,0.123031,0.086391,0.005586,0.319986,0.118181,0.321490,0.225745,0.014598,0.382691,4.226875,-0.308719,0.915113,0.837432,0.539135,-0.311162,3.954663,0.050781,0.837432,0.350336,2.827029,0.234315,0.382449,0.080808,0.153996,0.040369,0.262704,0.428785,0.090598,0.172654,0.045260,0.891936,4.251929
2451479.606189,0.038194,0.920992,0.848227,-0.152226,-1.141915,3.546978,0.062500,0.848227,0.228370,2.810434,0.199360,0.288345,0.368550,0.043551,0.007901,0.219631,0.317663,0.406023,0.047979,0.008705,0.907707,3.440493,0.030330,0.919561,0.845593,-0.152551,-1.160663,3.487703,0.062500,0.845593,0.228718,2.816012,0.197723,0.285971,0.366986,0.043589,0.007974,0.219146,0.316956,0.406748,0.048312,0.008838,0.902244,3.452676,-0.040938,0.927699,0.860625,-0.036475,-1.178692,3.749184,0.062500,0.860625,0.253104,2.848629,0.108867,0.322756,0.357703,0.088210,0.011960,0.122392,0.362853,0.402141,0.099169,0.013445,0.889496,3.772483,0.095446,0.898763,0.807775,-0.136014,-0.824771,3.908222,0.062500,0.807775,0.225627,2.692415,0.019274,0.272180,0.228024,0.099831,0.005266,0.030860,0.435785,0.365087,0.159838,0.008431,0.624576,3.648935
2451480.837657,-0.051316,1.050368,1.103272,0.021253,-1.052092,3.957513,0.066406,1.103272,0.208823,2.732534,0.274837,0.439109,0.364419,0.037892,0.003712,0.245397,0.392073,0.325383,0.033833,0.003314,1.119968,3.487851,-0.061151,1.050163,1.102841,0.023087,-1.049500,3.897367,0.066406,1.102841,0.207729,2.743952,0.285240,0.439564,0.352492,0.036620,0.003670,0.255229,0.393316,0.315405,0.032767,0.003283,1.117585,3.484490,-0.158232,0.941543,0.886503,-0.038546,-0.817221,4.052306,0.070312,0.886503,0.229129,2.679224,0.102402,0.341916,0.335234,0.084152,0.006478,0.117678,0.392925,0.385246,0.096706,0.007444,0.870181,3.760749,0.062757,1.136480,1.291588,-0.012972,-1.346848,3.851189,0.054688,1.291588,0.189455,3.156190,0.372998,0.615218,0.222298,0.050017,0.004590,0.294832,0.486291,0.175713,0.039535,0.003628,1.265121,3.304185
2451482.033660,-0.179392,0.984420,0.969082,0.037992,-1.229324,3.920453,0.062500,0.969082,0.249500,2.975423,0.255426,0.368528,0.458352,0.087443,0.005954,0.217254,0.313453,0.389853,0.074375,0.005065,1.175705,3.597724,-0.161191,0.950036,0.902568,0.109431,-1.254023,3.924855,0.062500,0.902568,0.256177,2.941353,0.247154,0.343932,0.454997,0.088699,0.005766,0.216697,0.301550,0.398929,0.077768,0.005056,1.140548,3.570037,0.043303,1.112743,1.238198,-0.344156,-1.170453,3.976042,0.062500,1.238198,0.204453,3.071673,0.490634,0.439114,0.410043,0.035678,0.007032,0.354889,0.317623,0.296595,0.025807,0.005086,1.382501,3.300155,0.185393,0.919239,0.845000,-0.081891,-0.720704,4.013330,0.078125,0.845000,0.353673,2.902390,0.097033,0.212667,0.388654,0.137906,0.013104,0.114242,0.250384,0.457582,0.162364,0.015428,0.849364,3.982051
2451483.220744,0.053590,1.021032,1.042507,-0.132022,-1.220233,3.827022,0.058594,1.042507,0.195012,2.894511,0.186725,0.525250,0.197569,0.035483,0.003963,0.196761,0.553483,0.208189,0.037391,0.004176,0.948990,3.231010,0.045404,1.020722,1.041874,-0.135897,-1.211437,3.868483,0.058594,1.041874,0.195041,2.887641,0.185305,0.519561,0.195472,0.035160,0.003942,0.197251,0.553053,0.208072,0.037427,0.004197,0.939441,3.229612,0.123091,1.013510,1.027203,0.016563,-0.966567,4.086452,0.070312,1.027203,0.225165,2.711955,0.142221,0.495801,0.444887,0.033148,0.004547,0.126914,0.442441,0.397007,0.029581,0.004057,1.120604,3.063220,0.214416,1.091392,1.191136,-0.111268,-1.291570,3.975723,0.062500,1.191136,0.245541,2.721871,0.111723,0.365379,0.509532,0.112316,0.010269,0.100722,0.329402,0.459361,0.101257,0.009258,1.109219,3.054002
2451484.427198,0.150968,0.942157,0.887660,0.060585,-1.002707,3.844262,0.070312,0.887660,0.356476,4.169076,0.147875,0.617259,0.330100,0.047269,0.004142,0.128963,0.538318,0.287883,0.041224,0.003612,1.146645,3.416125,0.182909,0.964171,0.929626,-0.005205,-1.097031,3.895978,0.062500,0.929626,0.356213,4.099324,0.150421,0.610089,0.338789,0.049118,0.004185,0.130506,0.529314,0.293934,0.042615,0.003631,1.152602,3.407553,-0.038821,1.064609,1.133393,-0.041025,-1.005279,4.001173,0.058594,1.133393,0.238968,2.833592,0.151307,0.382081,0.383151,0.058737,0.006165,0.154168,0.389305,0.390396,0.059848,0.006282,0.981442,3.553056,0.094381,0.864984,0.748197,-0.015724,-0.791957,3.778412,0.058594,0.748197,0.235746,2.823595,0.245290,0.078899,0.170058,0.065288,0.007542,0.432551,0.139133,0.299885,0.115131,0.013300,0.567077,3.863941
2451485.659832,-0.055581,0.940404,0.884359,0.046732,-1.036629,3.821164,0.054688,0.884359,0.234821,2.924400,0.234851,0.100034,0.207964,0.188581,0.006511,0.318252,0.135558,0.281816,0.255550,0.008823,0.737941,4.156989,-0.115848,1.000614,1.001228,0.004539,-1.106740,3.927125,0.054688,1.001228,0.227110,2.937957,0.356692,0.200510,0.257063,0.198726,0.005015,0.350383,0.196963,0.252516,0.195212,0.004926,1.018005,4.012718,0.014172,1.111018,1.234362,-0.043290,-1.186100,4.077761,0.058594,1.234362,0.221807,2.785396,0.218956,0.311968,0.457317,0.102559,0.008146,0.199242,0.283879,0.416141,0.093325,0.007413,1.098947,3.632534,-0.061593,0.875382,0.766294,-0.069305,-0.793538,3.775009,0.074219,0.766294,0.292248,3.273265,0.142892,0.265819,0.149819,0.090667,0.002796,0.219162,0.407703,0.229786,0.139062,0.004288,0.651993,3.799310
2451486.907024,0.278334,1.089011,1.185945,-0.453641,-1.187560,3.813447,0.046875,1.185945,0.199787,3.049028,0.325110,0.328257,0.371184,0.036524,0.004665,0.305056,0.308009,0.348288,0.034271,0.004377,1.065740,3.756421,0.267041,1.090989,1.190257,-0.453389,-1.197443,3.762137,0.046875,1.190257,0.198845,3.050737,0.326053,0.328336,0.369277,0.036669,0.004369,0.306238,0.308383,0.346835,0.034440,0.004103,1.064703,3.753532,-0.183164,1.003522,1.007056,-0.043494,-0.913053,4.053548,0.074219,1.007056,0.338860,4.372083,0.307823,0.255320,0.230833,0.084046,0.018059,0.343521,0.284929,0.257603,0.093793,0.020153,0.896080,4.305936,-0.286813,0.895089,0.801184,0.417009,-0.471764,3.972879,0.078125,0.801184,0.299758,3.410863,0.176620,0.172187,0.398582,0.156604,0.007620,0.193745,0.188881,0.437227,0.171788,0.008359,0.911613,4.057092
2451488.139415,-0.260051,0.925168,0.855937,0.470287,-0.799955,3.800952,0.066406,0.855937,0.270578,3.060569,0.107515,0.292685,0.153035,0.086595,0.004643,0.166827,0.454147,0.237458,0.134365,0.007204,0.644472,3.780512,-0.272731,0.924156,0.854065,0.485002,-0.789988,3.805532,0.066406,0.854065,0.267014,3.069013,0.107709,0.290616,0.154749,0.086188,0.004548,0.167300,0.451400,0.240365,0.133871,0.007064,0.643809,3.784451,0.089200,0.986408,0.973001,-0.204481,-1.125882,3.811023,0.058594,0.973001,0.200983,2.969173,0.217024,0.515785,0.183729,0.095053,0.003005,0.213902,0.508365,0.181085,0.093685,0.002962,1.014596,3.550491,-0.075758,1.099583,1.209082,0.239825,-1.018984,3.995413,0.082031,1.209082,0.328207,3.321190,0.204192,0.218925,0.068164,0.124677,0.023294,0.319423,0.342471,0.106630,0.195036,0.036440,0.639251,4.417668
2451489.366711,0.006494,0.996443,0.992899,-0.092502,-1.020225,3.638605,0.042969,0.992899,0.184570,4.355836,0.175609,0.331870,0.101601,0.046749,0.003683,0.266271,0.503206,0.154054,0.070884,0.005585,0.659511,3.139466,-0.002362,0.985708,0.971620,-0.130642,-0.998106,3.616304,0.042969,0.971620,0.185330,4.325226,0.172961,0.316793,0.101759,0.046993,0.003711,0.269319,0.493280,0.158449,0.073173,0.005779,0.642217,3.194167,0.046968,0.971103,0.943041,-0.266357,-0.419789,3.981846,0.039062,0.943041,0.261071,3.729750,0.301923,0.411647,0.100545,0.077012,0.008809,0.335494,0.457418,0.111724,0.085575,0.009789,0.899936,3.477773,0.080490,1.096596,1.202524,0.031607,-0.970770,3.935592,0.058594,1.202524,0.313242,3.443872,0.404925,0.326510,0.210534,0.087800,0.013738,0.388043,0.312897,0.201756,0.084140,0.013165,1.043506,3.740461
2451490.567460,0.142760,0.995162,0.990347,-0.043178,-1.072137,3.899418,0.074219,0.990347,0.253597,2.566789,0.241002,0.422536,0.158061,0.059459,0.004061,0.272282,0.477378,0.178576,0.067176,0.004588,0.885118,3.595857,0.133175,0.990530,0.981149,-0.048560,-1.062491,3.928360,0.074219,0.981149,0.253030,2.565237,0.234179,0.419531,0.159325,0.058865,0.004137,0.267316,0.478896,0.181870,0.067195,0.004723,0.876037,3.597518,0.264314,0.862373,0.743688,0.179527,-0.588638,4.112221,0.074219,0.743688,0.320715,2.936333,0.176973,0.211862,0.117293,0.068184,0.008234,0.303792,0.363684,0.201345,0.117045,0.014135,0.582546,3.593528,-0.005947,0.918370,0.843403,0.050415,-0.988533,3.908742,0.078125,0.843403,0.354710,2.908723,0.123043,0.317330,0.162482,0.186802,0.034827,0.149236,0.384883,0.197071,0.226568,0.042241,0.824485,4.420192
2451491.754010,-0.174634,1.034667,1.070535,0.114963,-1.301374,3.942920,0.070312,1.070535,0.344649,4.112734,0.127931,0.613021,0.236321,0.074215,0.012087,0.120284,0.576378,0.222195,0.069779,0.011364,1.063575,3.165610,-0.171549,1.032895,1.066872,0.114760,-1.294509,3.996905,0.070312,1.066872,0.345477,4.095364,0.123654,0.617165,0.240285,0.076698,0.012188,0.115566,0.576795,0.224568,0.071681,0.011391,1.069990,3.170549,-0.072035,0.935749,0.875626,0.025145,-0.956620,3.531970,0.054688,0.875626,0.211779,2.980973,0.101277,0.478308,0.180121,0.062385,0.006216,0.122270,0.577454,0.217457,0.075316,0.007504,0.828305,3.114105,-0.069171,0.993494,0.987030,0.227466,-0.937571,4.056893,0.046875,0.987030,0.212301,2.984363,0.148521,0.500933,0.168783,0.058429,0.002509,0.168932,0.569776,0.191979,0.066458,0.002854,0.879175,2.991777
2451492.967163,-0.124487,0.950110,0.902710,-0.240832,-1.013313,3.674543,0.062500,0.902710,0.226296,2.766043,0.077623,0.234460,0.243550,0.050100,0.003877,0.127332,0.384606,0.399518,0.082184,0.006360,0.609611,3.493886,-0.120519,0.948494,0.899640,-0.245439,-0.998364,3.735323,0.062500,0.899640,0.225568,2.777384,0.077682,0.232425,0.239459,0.049447,0.003843,0.128857,0.385539,0.397208,0.082021,0.006375,0.602856,3.502655,0.134752,0.911228,0.830337,-0.226378,-0.987549,3.905425,0.046875,0.830337,0.209933,2.622565,0.098460,0.385717,0.324307,0.037355,0.003323,0.115950,0.454232,0.381914,0.043990,0.003914,0.849163,2.969632,-0.253118,1.170046,1.369007,-0.017228,-1.328304,4.096627,0.050781,1.369007,0.252860,3.628161,0.491440,0.447945,0.138420,0.185663,0.023136,0.381967,0.348161,0.107586,0.144305,0.017982,1.286604,4.024195
2451494.185659,0.159709,1.027468,1.055691,-0.209093,-1.126733,3.712281,0.074219,1.055691,0.238593,2.679678,0.098854,0.530187,0.526397,0.070375,0.006241,0.080235,0.430327,0.427251,0.057120,0.005066,1.232055,3.161461,0.160962,1.022480,1.045464,-0.211272,-1.127703,3.740150,0.066406,1.045464,0.239006,2.683798,0.097924,0.525657,0.525759,0.069366,0.006063,0.079953,0.429189,0.429272,0.056636,0.004950,1.224769,3.158053,0.032550,1.017483,1.035273,0.107326,-0.895951,4.102109,0.074219,1.035273,0.243539,2.558347,0.124208,0.225823,0.315980,0.140479,0.005048,0.153052,0.278266,0.389360,0.173102,0.006220,0.811538,3.928937,0.025579,1.230210,1.513416,0.209205,-1.201203,4.216814,0.074219,1.513416,0.305392,2.734387,0.194518,0.351803,0.359397,0.115161,0.007255,0.189195,0.342176,0.349563,0.112010,0.007056,1.028134,3.938626
2451495.425216,0.146343,0.939636,0.882916,-0.083316,-1.221908,3.468139,0.082031,0.882916,0.280233,2.652385,0.093417,0.444813,0.244799,0.094662,0.004555,0.105885,0.504183,0.277472,0.107297,0.005164,0.882245,3.622966,0.151940,0.939586,0.882823,-0.082509,-1.205872,3.514849,0.082031,0.882823,0.279369,2.652225,0.094052,0.448418,0.240973,0.094043,0.004490,0.106638,0.508424,0.273220,0.106628,0.005091,0.881977,3.623800,-0.116646,1.042170,1.086117,-0.119680,-1.175337,4.107161,0.062500,1.086117,0.226497,2.787615,0.143838,0.611294,0.211177,0.067982,0.005043,0.138394,0.588160,0.203185,0.065409,0.004852,1.039332,3.407456,0.007924,0.909438,0.827077,0.129174,-0.744617,4.129130,0.070312,0.827077,0.341233,3.168271,0.430146,0.112427,0.105676,0.178854,0.037633,0.497430,0.130013,0.122206,0.206831,0.043519,0.864737,4.368149
2451496.653335,-0.163346,1.013475,1.027132,0.229505,-1.239302,3.841869,0.070312,1.027132,0.246567,2.598793,0.301805,0.406422,0.176993,0.102093,0.003254,0.304679,0.410292,0.178679,0.103065,0.003285,0.990566,3.794364,-0.221432,1.034133,1.069430,0.257477,-1.220586,3.848585,0.070312,1.069430,0.257554,2.541275,0.239076,0.375995,0.251659,0.139278,0.005902,0.236262,0.371570,0.248697,0.137639,0.005833,1.011911,4.086790,-0.121435,1.063238,1.130475,-0.074046,-1.308696,4.120190,0.058594,1.130475,0.200356,2.827164,0.302838,0.325727,0.323911,0.048470,0.004434,0.301218,0.323984,0.322177,0.048211,0.004410,1.005380,3.567793,-0.155775,0.874489,0.764730,-0.173024,-1.016841,3.618060,0.058594,0.764730,0.246365,3.447639,0.109350,0.070380,0.205323,0.055371,0.013222,0.241048,0.155143,0.452605,0.122057,0.029147,0.453646,4.317934
2451497.840807,0.121297,1.029055,1.058954,-0.018247,-0.974047,4.124489,0.066406,1.058954,0.261701,3.073323,0.099692,0.118429,0.340306,0.106973,0.011638,0.147247,0.174922,0.502639,0.158002,0.017190,0.677038,3.376551,0.168933,1.002177,1.004360,-0.031514,-0.946523,4.047535,0.066406,1.004360,0.216954,2.805235,0.120483,0.124312,0.297730,0.073553,0.004873,0.194030,0.200196,0.479474,0.118452,0.007847,0.620950,3.345413,-0.086782,1.022002,1.044488,-0.264579,-1.232745,3.823958,0.058594,1.044488,0.245300,3.067628,0.244351,0.258467,0.291152,0.048481,0.005258,0.288249,0.304900,0.343458,0.057191,0.006203,0.847710,3.435804,-0.100938,0.969576,0.940077,-0.002046,-1.184270,4.229034,0.062500,0.940077,0.367770,3.797789,0.242438,0.322850,0.270060,0.050218,0.010970,0.270416,0.360108,0.301226,0.056014,0.012236,0.896537,3.616513
2451499.021069,0.056349,0.960420,0.922407,-0.060199,-0.726717,3.933005,0.074219,0.922407,0.259309,2.697724,0.280101,0.095851,0.253473,0.253064,0.008641,0.314321,0.107561,0.284440,0.283981,0.009697,0.891131,3.966177,0.055742,0.959654,0.920935,-0.046683,-0.725955,3.947833,0.074219,0.920935,0.260933,2.696854,0.281473,0.093742,0.252837,0.257683,0.009158,0.314533,0.104753,0.282533,0.287948,0.010234,0.894893,3.974301,-0.467111,0.948038,0.898776,0.509490,-0.626493,3.958367,0.050781,0.898776,0.281771,2.715209,0.273528,0.124710,0.204888,0.145957,0.028405,0.351810,0.160401,0.263526,0.187729,0.036534,0.777487,4.319381,0.308947,0.842973,0.710604,0.009361,-0.713060,3.586864,0.058594,0.710604,0.360825,3.144478,0.319994,0.231920,0.158097,0.133845,0.012216,0.373793,0.270912,0.184678,0.156347,0.014270,0.856073,3.957058
2451500.223361,-0.222696,0.889591,0.791372,0.551175,-0.814735,3.695595,0.062500,0.791372,0.241167,2.787899,0.079159,0.175713,0.198908,0.150442,0.008368,0.129221,0.286836,0.324701,0.245583,0.013659,0.612589,4.222729,-0.223970,0.899172,0.808511,0.497301,-0.730343,3.941346,0.062500,0.808511,0.239742,2.764046,0.081940,0.182470,0.193548,0.152884,0.008185,0.132369,0.294768,0.312665,0.246976,0.013222,0.619027,4.219778,0.471415,0.949326,0.901220,-0.813507,-0.188425,3.985696,0.058594,0.901220,0.254485,3.018058,0.213688,0.122059,0.108928,0.193381,0.023588,0.322965,0.184479,0.164633,0.292273,0.035651,0.661644,4.276038,0.118160,1.014418,1.029043,-0.394319,-1.013607,3.787882,0.054688,1.029043,0.246434,3.318433,0.501541,0.143610,0.110791,0.115388,0.015404,0.565605,0.161953,0.124943,0.130127,0.017371,0.886734,3.546696
2451501.483997,0.058705,1.040732,1.083122,0.082326,-0.918113,4.050669,0.062500,1.083122,0.307443,3.735809,0.233328,0.161440,0.323637,0.084975,0.007776,0.287649,0.199024,0.398983,0.104758,0.009586,0.811156,3.571658,0.066718,1.034860,1.070934,0.115140,-0.865518,4.022378,0.062500,1.070934,0.308890,3.737127,0.230420,0.147864,0.318014,0.085770,0.007885,0.291688,0.187180,0.402573,0.108576,0.009982,0.789953,3.561493,-0.039022,0.937014,0.877995,-0.277610,-0.934357,3.864286,0.042969,0.877995,0.186016,4.007246,0.387893,0.173326,0.107418,0.055450,0.003271,0.533290,0.238296,0.147683,0.076234,0.004498,0.727359,3.486480,0.124338,0.884746,0.782775,0.406701,-0.668907,3.600253,0.039062,0.782775,0.259821,4.405817,0.217880,0.150095,0.266893,0.092707,0.005659,0.297150,0.204702,0.363995,0.126436,0.007717,0.733233,3.755113
